,,,ACC,ACC,PRE,PRE,REC,REC,F1,F1,AUC,AUC
,,,mean,std,mean,std,mean,std,mean,std,mean,std
Target,Dataset,Model,,,,,,,,,,
PET,AD BioGRID,GNN GraphGym,0.7083666666666666,0.01807106342563533,0.7109666666666667,0.02765110003839507,0.8148,0.03204293994002424,0.7586666666666667,0.009735159646011605,0.6884666666666667,0.005234819321937811
PET,"AD GIANT
Brain",GNN GraphGym,0.7604000000000001,0.018013328398716374,0.7672333333333333,0.042849659664148276,0.8333333333333334,0.09624428987391068,0.7950666666666667,0.028225225124581952,0.7566,0.05060266791385612
PET,AD HuRI,GNN GraphGym,0.75,0.0,0.7424333333333334,0.013105851110604536,0.8518333333333333,0.032100674966943195,0.793,0.0060621778264911,0.7963,0.04991402608485911
PET,"AD PPT-Ohmnet
Brain",GNN GraphGym,0.75,0.0,0.7348666666666667,0.013105851110604527,0.8703666666666666,0.03210067496694318,0.7965,0.0060621778264911075,0.7586,0.017363179432350554
PET,AD STRING,GNN GraphGym,0.5833666666666666,0.01807106342563533,0.5967333333333333,0.03009091778815218,0.8333333333333334,0.14699038517308993,0.6898666666666666,0.027324409112244902,0.7090000000000001,0.024287651183265906
